publisher,count
Vintage,318
Penguin Books,261
Penguin Classics,184
Mariner Books,150
Ballantine Books,144
Harper Perennial,112
HarperCollins,112
Pocket Books,111
Bantam,110
VIZ Media LLC,88
Berkley,86
Dover Publications,85
Modern Library,82
Del Rey,80
Tor Books,76
Grand Central Publishing,76
Oxford University Press  USA,75
Scribner,73
Oxford University Press,73
W. W. Norton  Company,68
Signet,66
Cambridge University Press,66
Simon  Schuster,65
Anchor,62
William Morrow Paperbacks,58
Penguin,58
Scholastic Paperbacks,56
Avon,56
Library of America,52
Puffin Books,50
Broadway Books,49
HarperTorch,48
Bantam Books,48
HarperCollins Publishers,48
Harry N. Abrams,45
Simon & Schuster,44
St. Martin's Press,44
St. Martin's Griffin,43
W. W. Norton & Company,43
Basic Books,43
Berkley Books,43
University of Chicago Press,42
Vertigo,42
Farrar  Straus and Giroux,41
DAW,41
Harper,40
G.P. Putnam's Sons,40
Anchor Books,40
Picador,40
Back Bay Books,40
Houghton Mifflin Harcourt,39
Cliffs Notes,39
Grove Press,39
Everyman's Library,39
Random House Books for Young Readers,38
Harvard University Press,38
Washington Square Press,37
St. Martin's Paperbacks,37
Plume,36
HarperOne,35
Ace,35
Random House Audio,33
Routledge,33
Del Rey Books,33
Princeton University Press,33
Scholastic,33
Barnes  Noble Classics,32
HMH Books for Young Readers,31
Alfred A. Knopf,31
DC Comics,31
Hackett Publishing Company  Inc.,31
Penguin Books Ltd,30
Delta,30
Random House,30
Wizards of the Coast,29
Free Press,28
Yearling,28
Picador USA,28
William Morrow,28
Arrow,28
University of California Press,26
Turtleback Books,26
Harper Perennial Modern Classics,26
Riverhead Books,26
Dell,25
Yale University Press,25
Warner Books,25
Atria Books,24
Ace Books,24
Leisure Books,23
Vintage Classics,23
Signet Classics,23
Random House Trade Paperbacks,23
Little  Brown and Company,23
Wiley,22
Hachette Books,22
Candlewick Press,22
Spectra,22
Tyndale House Publishers,22
New Directions,21
Warner Books (NY),21
Marvel,21
NAL,21
Prentice Hall,21
Puffin,21
Da Capo Press,21
Thomas Nelson,21
Brilliance Audio,21
Little  Brown Books for Young Readers,21
Avon Books,20
Viz Media,20
Harper Voyager,20
Fawcett,20
Tor Fantasy,20
Touchstone,20
Jove,19
TokyoPop,19
HarperTrophy,19
Bloomsbury Academic,19
Aladdin,19
Ecco,19
Houghton Mifflin,19
Random House Value Publishing,18
Dark Horse Books,18
Delacorte Press,18
Vintage International,18
Corgi,18
Debolsillo,18
Pocket,17
Doubleday Books,17
Orb Books,17
Greenwillow Books,16
W.W. Norton & Company,16
Gallery Books,16
Firebird,16
Gallimard,16
小学館,15
Simon Pulse,15
Faber & Faber,15
Kensington,15
Knopf Publishing Group,15
Sterling,15
Vintage Crime/Black Lizard,15
Orion,15
Verso,15
Shambhala,14
Plaza y Janes,14
Random House Trade,14
University Press of Mississippi,14
Bloomsbury Publishing PLC,14
Baen,14
Pantheon,14
Chronicle Books,14
Berkley Sensation,14
Columbia University Press,14
NYRB Classics,14
VIZ Media,14
Headline,14
Pearson,14
Disney Press,14
Daw Books,13
Dell Publishing Company,13
Vintage Books,13
Faber and Faber,13
Citadel,13
Andrews McMeel Publishing,13
Little  Brown Book Group,13
Dial Press,13
Vision,13
Knopf,13
Schocken,13
Planeta Publishing,13
Viking Books,13
Plume Books,13
Little Brown and Company,13
Zondervan,13
Gramercy Books,13
Scholastic Inc.,13
Harmony,12
Pocket Star,12
Pantheon Books,12
Doubleday,12
集英社,12
McSweeney's,12
Chaosium,12
Open Court,12
Dial Press Trade Paperback,12
Black Swan,12
The New Press,12
Mira Books,11
Spectra Books,11
Bantam Classics,11
Random House Audio Publishing Group,11
Kessinger Publishing,11
Headline Review,11
Bloomsbury,11
Harcourt,11
Berkley Trade,11
Harvest House Publishers,11
SparkNotes,11
Running Press,11
Fawcett Books,11
Blackstone Audiobooks,11
Aladdin Paperbacks,11
Three Rivers Press,10
Farrar Straus Giroux,10
Beacon Press,10
Minotaur Books,10
Bethany House Publishers,10
Amistad,10
Onyx,10
Zebra,10
HarperTeen,10
Vintage Books USA,10
Simon & Schuster Audio,10
Grosset & Dunlap,10
Faber  Faber,10
Wings,10
Viking,10
ADV Manga,10
Luna Books,10
Time Life Medical,10
DK Children,10
Black Dog & Leventhal Publishers,10
Digital Manga Publishing,10
Dark Horse Manga,10
O'Reilly Media,10
Crossway Books,10
J'ai Lu,10
Severn House Publishers,10
Laurel Leaf Library,9
Little  Brown & Company,9
iBooks,9
Orbit,9
Ediciones B,9
BBC Audiobooks,9
Wordsworth Editions,9
Bloomsbury Arden Shakespeare,9
Univ Of Minnesota Press,9
Ignatius Press,9
Simon  Schuster Audio,9
Disney-Hyperion,9
Yearling Books,9
Love Spell,9
St. Martins Press-3PL,9
Glénat,9
Scholastic  Inc.,9
AudioGO,9
Punto de Lectura,9
For Dummies,9
MIRA,9
Signet Book,9
Harper Business,9
Bantam Spectra,8
HarperAudio,8
Ivy Books,8
University Of Chicago Press,8
Heyne,8
Dalkey Archive Press,8
Putnam Adult,8
Goldmann,8
University of Oklahoma Press,8
J'ai lu,8
John Wiley & Sons,8
Harper Paperbacks,8
Roc,8
BradyGames,8
MIT Press,8
Scribner Book Company,8
東立,8
Houghton Mifflin Company,8
Le Livre de Poche,8
Clarion Books,8
McGraw-Hill Education,8
It Books,8
Laurel Leaf,8
Villard,8
Jossey-Bass,8
Johns Hopkins University Press,8
Everyman,8
Wiley-Blackwell,7
Lonely Planet,7
Price Stern Sloan,7
Northwestern University Press,7
Macmillan Audio,7
Jonathan Cape,7
Warne,7
Clarkson Potter,7
Belknap Press,7
DeBolsillo,7
Gollancz,7
Crown,7
Hodder & Stoughton,7
Caedmon,7
Blu,7
Tarcherperigee,7
Viking Adult,7
Simon & Schuster Childrens Books,7
Pinnacle,7
Dramatists Play Service,7
Silhouette Books,7
Speak,7
Chicago Review Press,7
Simon  Schuster Books for Young Readers,7
Atheneum Books for Young Readers,7
Wildside Press,7
Jove Books,7
Harlequin,7
DK Publishing (Dorling Kindersley),7
Scholastic Press,7
Dark Horse Comics,7
Orchard Books,7
Indiana University Press,7
Anagrama,7
Marvel Comics Group,7
Workman Publishing Company,7
Longman Publishing Group,7
Palgrave Macmillan,7
Baen Books,7
Hay House,7
Touchstone Books,7
Voyager,6
New Directions Publishing Corporation,6
HarperCollins Publishers Ltd,6
William Morrow & Company,6
講談社,6
Kingfisher,6
University of Pennsylvania Press,6
Holt McDougal,6
Moody Publishers,6
Cengage Learning,6
North Point Press,6
Recorded Books  Inc.,6
New York Review of Books,6
Bison Books,6
Bloomsbury Methuen Drama,6
Hill and Wang,6
Rodale Books,6
Gold Eagle,6
Red Dress Ink,6
Prometheus Books,6
British Film Institute,6
City Lights Publishers,6
Books on Tape,6
Abacus,6
Silhouette,6
Knopf Books for Young Readers,6
Berkley Publishing Group,6
Applewood Books,6
Tantor Media,6
Phoenix,6
Dutton,6
Three Rivers Press (CA),6
Holt Paperbacks,6
Seven Stories Press,6
Barnes & Noble,6
Digireads.com,6
Rayo,6
Random House (NY),6
David R. Godine Publisher,6
Chelsea House Publications,6
McGraw-Hill Companies,6
Editorial Presença,6
Square Fish,6
Random House for Young Readers,5
Starscape,5
Theatre Communications Group,5
Aspect,5
Forge Books,5
Rough Guides,5
American Girl Publishing Inc,5
Digital Manga Publishing / Dark Horse,5
Moyer Bell and its subsidiaries,5
Delacorte Books for Young Readers,5
Eos,5
Prima Games,5
Denoël,5
Serpent's Tail,5
Carroll & Graf Publishers,5
Gramercy,5
Plaza y Janés,5
Loeb Classical Library,5
Bristol Classical Press,5
Arrow Books,5
Newmarket Press,5
Alfred A. Knopf Books for Young Readers,5
HarperEntertainment,5
Cavendish Square Publishing,5
ガンガンコミックス,5
Lübbe,5
No Exit Press,5
Vermilion,5
DAW Books Inc,5
Penguin Books  Limited (UK),5
Barrons Educational Series,5
Addison Wesley Publishing Company,5
Springer,5
BBC Physical Audio,5
Cemetery Dance Publications,5
University of Michigan Press,5
Push,5
Alfaguara,5
Paul Dry Books,5
Broadview Press Inc,5
Dutton Books,5
Algonquin Books,5
Dark Horse,5
National Geographic Society,5
Simon and Schuster,5
Not Avail,5
Albin Michel,5
Hodder,5
Listening Library (Audio),5
Ember,5
Pan,5
Pocket Star Books,5
Hyperion,5
Suhrkamp,5
HarperCollins Espanol,5
Umbriel,5
Bantam Press,5
HarperPerennial,4
Pragmatic Bookshelf,4
Phaidon Press,4
Canongate Books,4
Meisha Merlin Publishing,4
DAW Books,4
Tor Science Fiction,4
Rizzoli,4
Simon Schuster,4
New American Library,4
Kodansha,4
Salamandra,4
Carlsen,4
Headline Book Publishing,4
New City Press,4
Borgo Press,4
Nick Hern Books,4
Hyperion Books,4
Berrett-Koehler Publishers,4
Santillana USA Publishing Company,4
Hard Press,4
Multnomah Books,4
The Guilford Press,4
Recorded Books,4
MONDIAL,4
Little  Brown Young Readers,4
Ebury Press,4
Edimat Libros,4
Counterpoint LLC,4
Arcadia Publishing (SC),4
Wisdom Publications,4
Dey Street Books,4
Bedford Books,4
HarperFestival,4
Tor,4
Lerner Publications,4
Vintage Contemporaries,4
OUP Oxford,4
HarperCollinsChildren’sBooks,4
Multnomah,4
Barnes & Noble Classics,4
Pan MacMillan,4
Polity Press,4
Rutgers University Press,4
Fourth Estate,4
Writer's Digest Books,4
White Wolf Games Studio,4
Gibbs Smith,4
University Press of Kansas,4
University of Illinois Press,4
Naxos Audiobooks,4
Teaching Resources,4
Rowman & Littlefield Publishers,4
TarcherPerigee,4
Addison-Wesley Professional,4
Counterpoint,4
Chatto & Windus,4
Collins Reference,4
Margaret K. McElderry Books,4
Miramax Books,4
Apress,4
Harlequin Presents,4
Wheeler Publishing,4
North Atlantic Books,4
Taschen,4
Peachpit Press,4
Bradford Book,4
University of Washington Press,4
Flamingo,4
University of Georgia Press,4
Times Books,4
Wadsworth Publishing Company,4
Penguin Press HC  The,4
Penguin UK,4
Cartwheel,4
Ivan R. Dee Publisher,4
Barron's Educational Series,4
Philomel Books,4
Microsoft Press,4
Silhouette Desire,4
Simon  Schuster/Paula Wiseman Books,4
Westminster John Knox Press,4
Crown Publishing Group (NY),4
Duke University Press Books,4
Thames  Hudson,4
Image Comics,4
Audio Partners,4
Cleis Press,4
Putnam Publishing Group,4
Waterbrook Press,4
Sphere,4
Kaplan,4
Mysterious Press,4
Wings Books,3
TusQuets,3
Tachyon Publications,3
Bolchazy-Carducci Publishers,3
Allyn & Bacon,3
Harper Collins,3
Atlantic Books,3
New Riders Publishing,3
Harvard Common Press,3
Applause Books,3
Hodder Children's Books,3
G.P. Putnam's Sons Books for Young Readers,3
New Press,3
Hard Crime Case,3
New English Library,3
Random House  Inc.,3
Zondervan Publishing Company,3
Montena,3
Augsburg Fortress Publishing,3
Arcadia Publishing,3
Robert Laffont,3
Heinemann Educational Books,3
Virgin Publishing,3
Delcourt,3
Putnam,3
Soho Crime,3
Methuen Publishing,3
Bloomsbury USA,3
Pimlico,3
Pan Publishing,3
Babel,3
Harvill Press,3
Bantam Doubleday Dell Publishing Group,3
Focal Press,3
Golden/Disney,3
Ann Arbor Media,3
Kiepenheuer & Witsch,3
Penguin Group,3
University of North Carolina Press,3
Seix Barral,3
Oni Press,3
University Press of Florida,3
Transworld Publishers,3
William B. Eerdmans Publishing Company,3
Bloomsbury U.S.A. Children's Books,3
Rowohlt Verlag,3
Mira,3
Dial,3
Ecco Press,3
Miramax,3
Henry Holt and Co. (BYR),3
HarperCollinsPublishers,3
Listening Library,3
Ballantine,3
Walker Books,3
Harvard Business Review Press,3
List,3
Shueisha,3
Audiogo,3
Livre de Poche,3
Holiday House,3
Backinprint.com,3
Seal Books,3
Marvel Comics,3
Mondadori,3
FaithWords,3
Sourcebooks,3
Stanford University Press,3
Souvenir Press,3
MacMillan Audio,3
Candlewick Press (MA),3
Candlewick,3
Griffin,3
University of Massachusetts Press,3
Nan A. Talese,3
IDW Publishing,3
Vintage/Random House (NY),3
Harlequin Blaze,3
Totem Books,3
Forge,3
Berlitz Kids,3
Schocken Books,3
Dodo Press,3
Golden Books,3
Blackwell Publishers,3
HarperTempest,3
iUniverse,3
Course Technology,3
MacMillan General Books,3
MTV Books,3
Kensington Publishing Corporation,3
Business Plus,3
Filiquarian Publishing  LLC.,3
Fredonia Books (NL),3
Penguin Books Limited,3
National Geographic,3
Bantam Books (NY),3
Public Square Books,3
McGraw-Hill,3
Buccaneer Books,3
Scholastic Books,3
Abdo Publishing Company,3
Black Classic Press,3
Veritas Publishing,3
Icon Books,3
Penguin Group (USA),3
Gemstone Publishing,3
McGraw-Hill Humanities/Social Sciences/Languages,3
Atheneum Books,3
Beach Lane Books,3
New World Library,3
Thorndike Press,3
Castle Books,3
Walker & Company,3
Fantagraphics,3
Berkley Hardcover,3
Blanvalet Taschenbuch Verlag,3
Be Beautiful,3
Smart Pop,3
Orion Books,3
Simon & Schuster Books for Young Readers,3
Focus,3
Whitaker House,3
Regnery Publishing,3
Vertical,3
Fanfare,3
Hampton Roads Publishing Company,3
Orion Publishing,3
Random House Children's Books,3
DC Comics Vertigo,3
Hachette Audio,3
IVP Academic,3
Ellora's Cave,3
NAL Trade,3
Europa Editions,3
Running Press Adult,3
Orion Publishing Group,3
Harlequin Historical,3
Llewellyn Publications,3
Odonian Press,3
Red Fox,3
Citadel Press,3
Canongate U.S.,3
Editions du Rocher,2
Dutton Children's Books,2
Dover Publications  Inc.,2
Golden Gryphon Press,2
B Books,2
Clarkson Potter Publishers,2
Lulu.com,2
Chatto and Windus,2
Kyle Books,2
Creation Books,2
Trafford Publishing,2
Atlantic,2
Cooper Square Press,2
Julia MacRae,2
Arthur A. Levine Books,2
Possibilities,2
Hyperion Books for Children,2
Coffee House Press,2
Wildstorm,2
皇冠文化出版有限公司,2
Douglas & McIntyre,2
Disinformation Company,2
RH Audio,2
Soundings,2
University Press of Kentucky,2
Farrar  Straus & Giroux,2
PublicAffairs,2
Keep It Simple Books,2
Gardners Books,2
Harcourt Brace Jovanovich,2
Orbis Books,2
W.W. Norton & Company (NYC),2
Editions 10/18,2
Nelson Books,2
Brava,2
Harper Trophy,2
America's Test Kitchen,2
Smithmark Publishers,2
Little  Brown & Company (Boston/Toronto),2
Penguin (Non-Classics),2
Norton,2
Christian Classics,2
Yellow Jersey,2
Summit University Press,2
Viking Juvenile,2
Penguin Group(CA),2
Steerforth,2
Rick Steves,2
Grand Central Publishing (Formerly Warner Books),2
Arkana/Penguin,2
Penguin Audio,2
Crossroad,2
Titan Books,2
Impact,2
Harlequin Special Releases,2
Large Print Press,2
Haynes Manuals N. America  Inc.,2
Bantam (Fanfare Imprint),2
Vanguard Press,2
Poppy,2
Walker Books Ltd,2
Farrar Straus and Giroux,2
Avenel Books,2
Subterranean Press,2
David R. Godine,2
Graywolf Press,2
Voyageur Press,2
Sleeping Bear Press,2
Booksales,2
Sceptre,2
HarperCollins Leadership,2
Small Beer Press,2
BBC Books,2
Plexus Publishing,2
University of Wisconsin Press,2
Poisoned Pen Press,2
Roaring Brook Press,2
Ten Speed Press,2
Ave Maria Press,2
Kodansha America,2
Nymphenburger,2
Folio,2
Penguin Books Ltd.,2
Thorndike Press Large Print,2
Chicken House,2
Troll Communications,2
Hodder & Stoughton Ltd,2
Bradygames,2
Main Street Books,2
Bold Strokes Books,2
Bantam Skylark,2
McClelland & Stewart,2
Planeta,2
HJ Kramer,2
Phoenix Audio,2
Penguin Books Australia Ltd.,2
Modern Library Classics,2
Overlook TP,2
The MIT Press,2
Payot,2
Bloomsbury Publishing,2
Ballantine Books (NY),2
Silhouette Romance,2
Viking Books for Young Readers,2
Hungry Minds,2
Quality Paperback Book Club,2
Wilhelm Goldmann Verlag  GmbH,2
Lucent Books,2
Drawn and Quarterly,2
Quest Books,2
Waking Lion Press,2
Shadow Mountain,2
Artisan,2
The Harvill Press,2
Disney Hyperion Books,2
Henry Holt & Company,2
Actes Sud,2
Adventures Unlimited Press,2
Ullstein Tb,2
New York University Press,2
AudioText,2
Hesperus Press,2
Emecé Editores,2
Overlook Press,2
Stone Bridge Press,2
Harpperen,2
Modern Library/Random House (NY),2
Cook's Illustrated,2
Arkham House Publishers,2
John F. Blair  Publisher,2
Arden Shakespeare,2
Charlesbridge,2
Downtown Press,2
Time Warner Paperbacks,2
One World (UK),2
Archaia,2
University of Nebraska Press,2
Storey Publishing  LLC,2
Princeton University Press (NJ),2
Belknap Press of Harvard University Press,2
Gauntlet Press,2
Star Trek,2
Booket,2
Samuel French  Inc.,2
Penguin Press,2
Macmillan,2
Sun and Moon Press,2
Collector's Library,2
Lyons Press,2
Vintage Espanol,2
The Monacelli Press,2
Clarendon Press,2
Benjamin-Cummings Publishing Company,2
Haymarket Books,2
Atheneum,2
Honor Books,2
Capstone Press,2
Psychology Press,2
Razorbill,2
Universe,2
Running Press Book Publishers,2
ReganBooks,2
Naiad Press,2
Perfection Learning,2
Little Simon,2
Avery Publishing Group,2
Thames & Hudson,2
Warner,2
B&H Publishing Group,2
Fireside,2
Crystal Clarity Publishers,2
Warner Forever,2
Health Communications Inc,2
Tommy Nelson,2
Doubleday Books for Young Readers,2
DK,2
HQN,2
Carlton Publishing Group,2
Triple Crown Publications,2
Melville House Publishing,2
Corgi Childrens,2
Soft Skull Press,2
Eminent Lives,2
Penguin Workshop,2
Profile Books,2
Harlequin Temptation,2
Virago UK,2
Cold Spring Press,2
DK Publishing,2
Albert Whitman  Company,2
Gallimard Jeunesse,2
Hachette,2
Heinemann Library,2
Black Dog & Leventhal,2
Dial Books,2
University of Arkansas Press,2
Viking Children's Books,2
Galahad Books,2
Green Integer,2
Coronet,2
Hovel Audio,2
Paulist Press,2
Chalice Press,2
Ulysses Press,2
Turtleback,2
Authorhouse,2
Laurel,2
Samuel French Ltd,2
Soho Press,2
Carole Marsh Mysteries,2
Sams,2
Random House Mondadori,2
Luna,2
HighBridge Company,2
Atlantic Monthly Press,2
Lark Books,2
Gingko Press,2
10/18,2
The Overlook Press,2
Piatkus Books,2
Wiley Publishing,2
Potomac Books,2
Hackett Publ. Co Inc,2
Harcourt Brace,2
Wayne State University Press,2
Tarcher,2
Black Sparrow Press,2
Anchor Bible,2
Earthlight,2
Granta UK,2
Two Plus Two Publishing LLC,2
Scholastic Audio Books,2
Zenith Press,2
Barricade Books,2
W.W. Norton,2
Celestial Arts,2
Starcatcher Press,2
Sudamericana,2
New Island Books,2
Frederick P. Lenz Foundation for American Buddhism,2
Grasset,2
MacMillan,2
Abrams,2
McGraw-Hill Professional Publishing,2
Del Rey Fantasy,2
Coronet Books (GB),2
Princeton Architectural Press,2
Scribner Classics,2
Minnesota Historical Society Press,2
Penguin Global,2
Pelican Publishing,2
Douglas  McIntyre,2
Ace Trade,2
Atlantic Books (UK),2
Manning Publications,2
Dutton Books for Young Readers,2
Deutscher Taschenbuch Verlag,2
聯經出版事業股份有限公司,2
St. Martin's True Crime,2
Houghton Mifflin Harcourt P,2
North Light Books,2
Chosen Books,2
Association for Supervision & Curriculum Development,2
Games Workshop,2
Kodansha International,2
Rizzoli International Publications,2
Hal Leonard Publishing Corporation,2
Cumberland House Publishing,2
Riverhead Hardcover,2
Marion Boyars Publishers Ltd,2
Harlequin Books,2
Silhouette Special Edition,2
Millenium,2
El Paso Norte Press,2
Harlequin Romance,2
Top Shelf Productions,2
Marion Boyars Publishers,2
Tuttle Publishing,2
Firebird Books,2
Henry Holt and Company,2
Healing Arts Press,2
IVP Books,2
Random House Large Print,2
Dutton Juvenile,2
TSR,2
Fontana,2
Quill,2
Taunton Press,2
Omnibus Press,2
Chatto  Windus,2
B.E.S. Publishing,2
Corgi Books,2
角川書店 (Kadokawa Shoten),2
Howard Books,2
Grove Press  Open City Books,2
Dabel Brothers Publishing,2
St. Martins Press,2
ComicsOne Corporation,2
Everyman Chess,2
Adams Media,2
Sweet Valley,2
Banner of Truth,2
Barnes  Noble,2
Holloway House,2
Tor Classics,2
Allen Lane,2
Atheneum/Richard Jackson Books,2
Alpha,2
University of Texas Press,2
Virago,2
Little  Brown,2
Alyson Books,2
Owl Books,2
Teacher Created Resources,2
International Code Council,2
Gallimard Education,2
Little Brown,2
Routledge Classics,2
Charles Scribner's Sons,2
Piper,2
Cornell University Press,2
Weidenfeld & Nicolson,2
Feral House,2
MetroBooks (NY),2
Dundurn,2
Carl Hanser,2
Gibbs Smith Publishers,2
Schocken Books Inc,2
Fawcett Crest Books,2
Roca Editorial,2
LWW,2
Hqn,2
Simon & Schuster (Trade Division),2
MacMillan Publishing Company,2
Copper Canyon Press,2
Perigee Trade,2
Games Workshop(uk),2
Canadian Broadcasting Corporation (CBC Audio),2
Harvard University Press (Cambridge),2
HarperCollins Publishers  Inc.,1
Howard Publishing Co,1
Firebrand Books,1
High Roads Media,1
FonoLibro,1
Folio histoire,1
DEBOLS!LLO,1
O'Brien Press,1
Twenty-First Century Books (CT),1
Inter-Varsity Press,1
Other Press (NY),1
Bulfinch,1
Tinder Press,1
Middlesex University Press,1
Harper Element,1
Andrews and McMeel,1
Random House UK Ltd (A Division of Random House Group),1
Timber Press (OR),1
Timeless Texts,1
Teacher's Pet Publications  Inc.,1
Penguin Essential Editions,1
Panamericana Editorial,1
Suma,1
Alfaguara Infantil,1
Shambhala Publications,1
Blood Moon Productions,1
St. Martin's,1
Larousse,1
Mark Cahill Ministries,1
Delmar Thomson Learning,1
Hartley & Marks Publishers,1
AMR/Advanced Management Reports,1
George Braziller,1
Sutton,1
Plaza & Janes Editores Sa,1
Columbia Pictures Pubns,1
NAL Books,1
New English Library (Hodder & Stoughton),1
Book of the Month Club,1
Penguin Signet,1
Blanvalet Taschenbuch,1
Éditions du Rocher,1
Association for Scottish Literary Studies,1
Pocket Books/Simon & Schuster (NY),1
Bantam Spectra (NY),1
Night Shade Books,1
Hamish Hamilton,1
Lodestar Books,1
Booklocker.com  Inc.,1
Owl Books (NY),1
Owlet Paperbacks,1
Grove/Atlantic  Inc.,1
Marsilio Publishers,1
Yesterday's Classics,1
Oberon Books,1
Éditions de Minuit,1
Harper & Row (NYC et al.),1
Blackwell Publishing  Inc.,1
Norma Editorial,1
William Morrow / Harper,1
Diogenes Verlag,1
Amistad Press,1
Grove Press  Granta,1
Holt  Rinehart and Winston  Inc.,1
Nelson Reference & Electronic Publishing,1
Bookspan,1
Phébus,1
Western Publishing Company  Golden Books,1
Black Lizard Books,1
Harpercollins Children's Books,1
Dell Publishing,1
Dafina Books,1
Random House Vintage Books,1
Bloomsbury (NYC),1
Métailié,1
Stanford University Press (Stanford  CA),1
International Polygonics,1
Transaction Publishers,1
Aris and Phillips,1
Penguin-HighBridge,1
Millipede Press,1
IndyPublish.com,1
Barnes & Noble Books,1
William Morrow; 1ST edition,1
Routledge Falmer,1
MIT Press (Cambridge  MA),1
Metropolitan Books/Henry Holt & Co. (NY),1
AK Press,1
Siete Cuentos,1
Noonday Press,1
Houghton Mifflin/Seymour Lawrence,1
Thomas Nelson Publishers,1
Nation Books,1
Viking Press,1
Th1nk Books,1
Here's Life Publishers,1
Gürze Books,1
Hill & Wang,1
Living Books,1
Fleming H Revell Co,1
Century,1
Rowohlt Taschenbuch Verlag GmbH,1
Hodder Wayland,1
Swallow Press,1
Random House Value Publishing/TheViking Press,1
W. W. Norton & Co.,1
Octopus Books,1
Virago Press (UK),1
Element,1
Fourth Estate (GB),1
Walker,1
Arrow (A Division of Random House Group),1
Fulcrum Publishing,1
Grove Press (NYC),1
Little Bookroom,1
TSR Inc.,1
Archie Comics,1
Thames & Hudson Ltd,1
Moody Publishers (Chicago),1
Laurel-Leaf Books,1
Jimmy Patterson,1
TIme Warner Books,1
Cooper Square Publishers,1
Siloam,1
BBC Audiobooks America,1
Signet Classic,1
Bantam Classic,1
Gurze Books,1
Kids Can Press,1
Russell Enterprises,1
Gallery / Saga Press,1
Hakusen Sha,1
Daimon Verlag,1
Poseidon Press,1
Fortress Press,1
Fireside Books,1
Viking; G. P. Putnam & Sons,1
Prentice Hall/Library of Liberal Arts,1
Indigo,1
Penguin Books Canada,1
Bookclub-In-A-Box,1
Lasser Press,1
Seal,1
Allen & Ulwin,1
Secker,1
Suma de Letras Brasileiras,1
Inter Varsity Press,1
LGF,1
Simon & Schuster Libros en Español,1
Renaissance Books,1
Countryman Press,1
Baronet Books,1
Michael O'Mara,1
University of Toronto Press,1
AvonEos,1
BantamSpectra,1
Random House Vintage,1
Dabel Brothers Productions,1
Your Coach Digital,1
EOS,1
Wenner Books,1
Amereon Ltd,1
Orion Paperbacks,1
Library of American Comics,1
University of Minnesota Press,1
Sounds True,1
VeloPress,1
Companhia das Letras,1
Imprint Academic,1
MacAdam/Cage,1
Roc Hardcover,1
Schirmer/Mosel,1
Orion Publishing Co.,1
One Hour Entertainment,1
Sovereign World,1
ASCD,1
Free Spirit Publishing,1
Arbordale Publishing,1
Julie Andrews Collection,1
Stewart  Tabori and Chang,1
Crown Forum,1
Eerdmans,1
Trine Day,1
"Izdavačka agencija ""Draganić""",1
Highbridge Audio,1
Napoleon and Co,1
Rowohlt Tb,1
Tauris Parke Paperbacks,1
Turtleback Books Distributed by Demco Media,1
York Press,1
Kent State University Press (OH),1
Scholastic Reference,1
Cistercian Publications,1
Windsor Golden Series,1
Lumen,1
Tyndale Momentum,1
Houghton Mifflin Co. (Boston/NY),1
時報出版,1
Inkling Books,1
AVA Publishing,1
Acropolis Books (NY),1
Klett,1
Cherry Red Books,1
Joanna Cotler Books,1
Kindle,1
Dedalus Limited,1
J'AI LU,1
Monkfish Book Publishing,1
Joshua Odell Editions,1
Collins Design,1
Brill/Rodopi,1
Bloomsbury Children's Books,1
Revive Publishing,1
Charnwood,1
Pavilion Press (Wi),1
Kabel  Verlag GmbH Ernst,1
Warners Visions Books,1
Bear  Company,1
Luath Press Ltd,1
Piper Verlag,1
Insel,1
C. Bange,1
Henry Holt,1
btb,1
Mayfield Publishing Company (NY),1
Archipelago Books,1
ACE,1
Severn House,1
London : Faber  2002,1
Roc Trade,1
Collins Modern Classics,1
BBC Audiobooks Ltd,1
University of Utah Press,1
SaltRiver,1
Salem Press Inc,1
McClelland and Stewart,1
Nostalgia Ventures,1
Harcourt  Inc.(Harvest Book),1
Everyman's Library Classics,1
Dragonfly Books,1
Regan Books,1
Pi Press,1
Bloomsbury Childrens Books,1
Topaz,1
Bright Sky Press,1
Westholme Publishing,1
University of Calgary Press,1
Marlowe & Company,1
University Press of America,1
Abstract Studio,1
Jones & Bartlett Publishers,1
Pinter & Martin Ltd,1
Tom Doherty Tor Fantasy,1
Phoenix Press,1
Destiny Image Incorporated,1
Abingdon Press,1
Dodd Mead; 1st edition (September 1976),1
Inner Traditions,1
A & C Black (Childrens books),1
Tropismos,1
Harper Perennial (HarperCollins),1
Diana TB,1
Watkins Publishing,1
Random House UK Distribution,1
Piatkus,1
PerfectBound,1
Destino Ediciones,1
Bloomsbury USA Children's Books,1
Arthur A. Levine Books / Scholastic Inc.,1
Wizarding World Press,1
Emece Editores,1
Plaza & Janés Mexico,1
Barefoot Books,1
Express Publishing,1
Amherst Media,1
Amherst Media  Inc.,1
East Bay Municipal Utility District,1
Lawbook Exchange  Ltd.,1
Roberts Rinehart Publishers,1
Back Bay,1
Dr. Master Productions Inc.,1
Deadite Press (Eraserhead Press),1
Watson-Guptill Publications,1
Thunder's Mouth Press Books,1
BCP/Duckworth Publishing,1
Baker Books,1
Tom Doherty Associates,1
Deodand,1
Saunders,1
Robert Rose,1
Michael Joseph,1
Kent State University Press,1
Skinner House Books,1
Hachette Littérature,1
Pocket Books: Gallery Books,1
Crescent,1
Quarry Press,1
Oregon State University Press,1
Cardoza,1
Albury Publishing,1
Award Books,1
Titan Books Ltd,1
W.W. Norton  Company,1
Methuen Drama,1
Winter on the Farm (My First Little House),1
Harper & Row,1
Treat Enterprises,1
Live Oak Media,1
Virago Press Ltd,1
Morpheus International,1
Globe,1
Berkley Publishing,1
Éditions de L'Olivier,1
Osprey Publishing,1
Hachette Jeunesse,1
Picture Book Studio Ltd,1
Basil Blackwell (Cambridge  MA/Oxford),1
Longman,1
Random house,1
Klincksieck,1
Minnesota Heritage Publishing,1
Penguin Books/Penguin Popular Classics,1
Casa Creacion,1
Critica (Grijalbo Mondadori),1
Blackstone Publishing,1
Open Heaven Publications,1
George Braziller Inc.,1
Taplinger Publ. Company,1
Square One Publishers,1
Ace/SFBC,1
Ace Book,1
Aerie,1
New Millennium Library,1
Library of America (NY),1
Disney Enterprises,1
Dorling Kindersley Children,1
Ediciones Glénat España,1
Dover Publications (NY),1
Lippincott Williams & Wilkins,1
Ullstein Buchverlage GmbH & Co. KG / Ullstein Tas,1
Graphics Press,1
Graphics Press LLC,1
Faber & Faber Limited,1
National Park Service,1
New Press  The,1
Jump At The Sun,1
Northeastern University Press,1
Random House  for Young Readers,1
Egmont Children's Books,1
F & W Publications Inc.,1
Taylor Productions Ltd,1
Thomas Y. Crowell Company,1
Reclam  Ditzingen,1
Boosey & Hawkes Inc,1
Paraglyph Press,1
Macmillan Publishing Company/Collier Books,1
Classic Books,1
rbooks,1
BiblioLife,1
Everyman Library / Overlook Press,1
Pelican Publishing Company,1
Penguin Classics Deluxe Edition,1
Everymans Library,1
Penguin Book Limited,1
Cosmos Books (OH),1
Эксмо,1
Vantage Press,1
Lulu Press,1
Nova Fronteira,1
Bloomsbury Paperbacks,1
Lectorum Publications,1
London : Collins  2004.,1
New York: Random House,1
Hodder Audio,1
Usborne Books,1
Penguin Classic,1
Warner Adult,1
Conari Press,1
Farrar  Strauss & Giroux-3pl,1
Edwin Mellen Press,1
State University of New York Press,1
Cosimo Classics,1
Alfred A. Knopf  Inc.,1
Konemann,1
Villard Books,1
BALLANTINE BOOKS,1
Penguin Books (NYC),1
Spectra/Bantam Books (NYC),1
HarperPrism,1
Night Shade,1
Sunburst,1
Baton Wicks,1
Cybereditions Corp,1
Everyman Paperbacks,1
Disinformation Books,1
Tanglewood,1
Manesse Verlag,1
Challenge Press  Inc./Challcrest Press,1
Heinemann,1
Harvest Books,1
Unwin Paperbacks,1
Pavement Saw Press,1
John Wiley,1
MIT Press (MA),1
SCM Press,1
Paris Press,1
A Harvest Book/Harcourt  Inc.,1
University Of Minnesota Press,1
Haus Publishing,1
The Modern Library New York,1
W.W. Norton & Company  Inc. (NY),1
Pyramid Books,1
Hyperio,1
Jump at the Sun,1
Fourth Estate Ltd,1
Heinemann Drama,1
Del Rey/Ballantine Books,1
Mythopoeic Press,1
Rufus Publications,1
Island Press,1
Sinauer Associates,1
Darton  Longman & Todd,1
Lectorum,1
Townsend Press,1
Penguin Audio UK,1
Bollingen/Princeton University Press (NJ),1
Peripatetic Press,1
Prentice Hall/Simon & Schuster Company (Englewood Cliffs  NJ),1
Ravensburger Buchverlag,1
Alfred A. Knopf Borzoi Books,1
Midnight Ink,1
Orchard,1
Random House Anchor,1
Weiser Books,1
W. W. Norton and Company,1
Phoenix Books/University of Chicago Press (IL),1
Amereon Limited,1
The Putnam & Grosset Group,1
Editorial Juventud,1
Purple House Press,1
Hiperión,1
Arts Publications,1
Plaza & Janes Editores  S.A.,1
Annick Press,1
Metropolitan Books,1
Mills & Boon,1
Wiley (TP),1
Lantern Books,1
Fount,1
HarperSanFrancisco,1
Motorbooks,1
Motorbooks International,1
Faber and Faber & Penguin India,1
Time Life Books,1
Laffont,1
Pocket Books / Simon & Schuster  Inc.,1
Open Court Publishing Company,1
英文漢聲出版股份有限公司,1
Rowohlt Tb.,1
MacMillan Children's Books,1
Sage Publications  Inc,1
Norton and Co.,1
Phoenix Press (UK),1
Paul S. Eriksson,1
Barn Owl Books,1
Dervy,1
Benziger,1
Carroll & Graf,1
Big Finish,1
Deseret Book Company,1
McDougal Littel,1
Circlet Press,1
FASA Corporation,1
Limitless Corporation,1
French & European Pubns,1
Harlequin Anthologies,1
Fodor's,1
Anchor Books/Knopf Doubleday Publishing Group,1
Nelson Thornes Ltd,1
American Diabetes Association,1
G. P. Putnam's Sons,1
Providence Forum Press,1
Regnery History,1
Penguin Books /Penguin Classics,1
Doubleday Publishing (NY),1
City Lights,1
Ecco / HarperCollins,1
Del Rey Ballantine Random House,1
Volo,1
T&T Clark Int'l,1
Chartwell Books,1
Chu Hartley Publishers LLC,1
The Berkley Publishing Group,1
Zondervan Publishing House,1
Stenhouse Publishers,1
Tin House Magazine,1
New Directions Publishing,1
EMC/Paradigm Publishing,1
Clarity Press,1
Steerforth Press,1
Vision Forum,1
Barbour Books,1
Limelight,1
Nova Audio Books,1
Sunstone Press,1
Avon Books (AvoNova),1
Audio Literature,1
RH Audio Price-less,1
Orchard Books (NY),1
Avalon Travel,1
Chelsea House Publishers,1
Steidl,1
The New York Review Children's Collection,1
Maxima New Media,1
Peter Owen Ltd,1
DAW Hardcover,1
Abraham Guillen Press,1
Hawthorne Books,1
Marshall Cavendish Editions,1
Puzzle-Via Magna,1
Hyperion Paperbacks,1
Teacher's Pet Publications,1
Advantage World Press,1
Ediciones Urano,1
Huntington House Publishers,1
dtv,1
CDS Books,1
Harcourt  Brace  Jovanovich,1
Everyman Paperback Classics,1
Jane Nissen Books,1
Omohundro Institute and University of North Carolina Press,1
French & European Publications,1
1st World Library,1
Hackett Publishing Company,1
Del Rey Books (NY),1
La factoría de ideas,1
Monolith Graphics,1
Akashic Books/Punk Planet Books,1
The Disinformation Company (NYC),1
Sticker Design (DC Comics),1
Crown Journeys/Crown Publishers/Crown Publishing Group/Random House,1
Simon Publications,1
North Star Publications (MA),1
Oberlin College Press,1
Sterling Children's Books,1
Interlink Publishing Group,1
Brookline Books,1
Bastei Lübbe,1
William Morrow & Company  Inc.,1
Firelight Press,1
Sierra Club Books,1
Edicións Xerais de Galicia  S.A.,1
Fontana Press,1
Heinle,1
CMX,1
University of Alaska Press,1
小学館 [Shōgakukan],1
List Taschenbuch,1
Contemporary French Fiction,1
St. Martin's Minotaur,1
Peerage Books,1
Grafton,1
Birlinn,1
Academy Chicago Publishers,1
Courage Books,1
Nicholas Brealey,1
Benjamin Cummings,1
Wiley Publishing  Inc.,1
Devil's Due Publishing,1
Droemer Knaur,1
Pimsleur,1
Thomas Dunne Books,1
The Liffey Press,1
History Press Ltd,1
Delacorte Books,1
French & European,1
Island,1
Pearson Longman,1
Running Press Kids,1
Random House: Modern Library,1
De Boekerij,1
Plume (Penguin Books Ltd),1
Delta Publishing,1
Park Street Press,1
The Crossroad Publishing Company,1
Harper Perennial Classics,1
Paul Mellon Centre BA,1
Record,1
Círculo de Lectores,1
Plaza & Janés,1
Macmillan Publ. Co.,1
River City Publishing,1
Material World,1
Scholastic Inc,1
Gamble Guides,1
Apple Paperbacks (Scholastic),1
Fithian Press,1
Crown Business,1
Tusquets,1
Urion Press,1
Morgan Road Books,1
Points,1
Seuil,1
Semiotext(e),1
Re/Search Publications,1
Checkmark Books,1
Harper Audio,1
Doubleday & Company  Inc.,1
Collectors Library,1
Johnson Publishing Company (IL),1
Harper Perennial (NYC),1
Collection of Historical Scientific Instruments,1
Children's Press(CT),1
Time-Life Books  Inc.,1
Harpercollins,1
Zebra Books,1
Hippo/Scholastic,1
Nonsuch Publishing,1
Alderac Entertainment Group (AEG),1
Montlake Romance,1
HarperPerennial / Perennial Classics,1
Anchor Canada,1
Norma,1
Child's Play International,1
Tougher Disguises,1
Warner Vision,1
University of South Carolina Press,1
Pineapple Press,1
Time Warner Books UK,1
HarperLargePrint,1
Young Picador,1
Simon & Schuster Simon Pulse,1
Harper Teen,1
Laurel Leaf Books,1
Gale Cengage,1
Schwartz & Wade Books,1
New Page Books,1
Adamant Media Corporation,1
Neil Wilson Publishing,1
Larousse Kingfisher Chambers,1
Edebé,1
Picador  Macmillan Publishers Ltd,1
Geddes & Grosset,1
PerfectBound (HarperCollins),1
Five Star Trade,1
Blue Sky Press,1
Editions de l'Olivier,1
Ash Tree Publishing,1
Watson-Guptill,1
Perennial,1
Bantam Doubleday Dell Publishing Company Inc.,1
Puffin Books (Penguin Books),1
Aurum,1
Quinteto,1
HarperCollins UK,1
Zeta Bolsillo,1
American University in Cairo Press,1
Bloomsbury UK,1
Ronin Publishing (CA),1
DeVorss & Company,1
Newmarket,1
Regal Books,1
Destiny Books,1
Y Lolfa,1
Vida,1
Bertrand,1
New Harbinger Publications,1
McGraw-Hill/Glencoe,1
Taplinger Publishing,1
Rivages,1
Cold Spring Harbor Laboratory Press,1
AHA! Process,1
Fourth Estate Paperbacks,1
Dominion Press,1
Yale University Press (New Haven  CT),1
FT Press,1
Changeling Press,1
Cherry Lane Music Company,1
Routledge Taylor & Francis Books Ltd imprint,1
LSU Press,1
Hci,1
Plexus Publishing Ltd,1
Beacon Press (Boston),1
HarperTorch (an imprint of HarperCollins Publishers),1
Headline Book Pub Ltd,1
Longman Schools Division (a Pearson Education Company),1
Penguin Books (NY),1
Alison Green Books,1
Routledge/Taylor & Francis Ltd.,1
Hodder & Stoughton Educational Division,1
Alderac Entertainment Group,1
Nelson Current,1
Franklin Watts,1
Patmos,1
University of Notre Dame Press,1
Image,1
Sophia Institute Press,1
Arlington House,1
Catholic Book Publishing,1
Bantam Doubleday Dell (NYC),1
Penguin Books USA Inc.,1
Vintage/Ebury (A Division of Random House Group),1
Polyface,1
Penguin Books in association with Faber & Faber,1
MacMillan UK,1
Orion Children's Books,1
Enitharmon Press,1
Heinemann-Octopus,1
Penguin Classics Deluxe Editions,1
Granta,1
Fleming H. Revell Company,1
Motilal Banarsidass,1
Pharos Books,1
Rider,1
Island Books,1
KiWi,1
Findakly,1
Random House (Vintage),1
Knopf Doubleday Publishing Group,1
Sentient Publications,1
Starfire,1
Bantam Starfire,1
Dell Laurel-Leaf,1
International Publishers,1
Merlin Publishing,1
Harlequin Superromance,1
Liveright/W.W. Norton & Company  Inc.,1
Pfeiffer & Company,1
Addison Wesley,1
F. Meiner,1
Learning Matters,1
Webster's New World,1
Gallopade International,1
Harvest Books/Harcourt,1
Loeb Classical Library 443,1
Mira books,1
Doubleday Canada,1
William Morrow & Company (NYC),1
Tin House Books,1
Inner Light - Global Communications,1
Worth Publishers,1
Tokyopop,1
Hodder and Stoughton,1
Time-Life Books,1
Abradale Books/Harry N. Abrams,1
Prentice Hall PTR,1
Our Daily Bread Publishing,1
Avery,1
Center Point,1
Pluto Press,1
Liveright Publishing Corp.,1
Liveright,1
Viking UK,1
Farrar  Straus and Giroux (BYR),1
Puzzle-Roca,1
Hal Leonard Pub Corp,1
Harvest / Harcourt,1
Kregel Publications,1
K.G. Saur Verlag,1
Harvard University Press (Cambridge  MA)/Wm Heinemann Ltd. (London),1
Grijalbo Mondadori Sa,1
NAL Jam,1
Peter Owen Publishers,1
Penguin Books Ltd. (London),1
Sky Books (NY),1
Hackett Publishing Company  Inc. (USA),1
Loeb Classical Library 307,1
Broadway/Crown Publishing Group,1
Alcoholics Anonymous World Services Inc,1
Encounter Books,1
Basic Books (AZ),1
Festival,1
Children's Classics,1
Waveland Press,1
Ohio State University Press,1
Hackett Publishing Company (Indianapolis  IN),1
HarperCollins (SanFrancisco),1
Gollehon Books,1
Dedalus,1
Churchill Livingstone,1
Dartmouth College Press,1
Skylight Paths Publishing,1
Alianza Editorial,1
Editions Gallimard,1
Arcade Publishing,1
Edaf S.A.,1
Porrua,1
Laurel Press,1
Verba Mundi,1
Stonewall Inn Editions,1
Onyx Books,1
The Chicken House,1
Chicken House / Scholastic,1
Rebel Press,1
Bureau of Public Secrets,1
Penguin Books (London),1
Loyola Press (Chicago),1
Insel  Frankfurt,1
Overeaters Anonymous  Incorporated,1
AA World Services,1
Literatura Random House,1
Dante University of America Press,1
Collier Books,1
Fischer (Tb.),1
DAW Fantasy,1
HarperVoyager,1
Backstage Books,1
New Falcon Publications,1
Simon & Schuster Aladddin Paperbacks,1
Nantier Beall Minoustchine Publishing,1
ComicsLit,1
David C Cook,1
The Modern Library,1
Council Press,1
Diogenes,1
National Gallery London,1
Sutton Publishing,1
Lama Foundation (San Cristobal  NM),1
Sensory Resources,1
TSR Inc./Wizards of the Coast,1
The Bodley Head Ltd,1
New York Review Children's Collection,1
Greenery Press (CA),1
Collins,1
Mel Bay Publications  Inc.,1
Vanderbilt University Press,1
Van Patten Publishing,1
Pomegranate Communications,1
Sasquatch Books,1
McGraw-Hill Science/Engineering/Math,1
William Morrow / HarperCollins / Harper Perennial,1
Mirrorstone,1
Orion Publishing Group  Ltd.,1
Lawrence Hill Books,1
l'ecole des loisirs,1
Kregel Academic & Professional,1
Vintage Books/Vintage Classics,1
New World Publishing,1
Four Walls Eight Windows Press,1
Collins Publishers,1
Panther,1
Eraserhead Press,1
Dover Publications (NYC),1
Loose Id  LLC,1
One World/Ballantine,1
Gotham,1
Grove Press  Black Cat,1
Ace Hardcover,1
Shaw Books,1
Cornerstone Press Chicago,1
Owl Publishing Company,1
A K PETERS,1
Abacus Books (London),1
Beckett Media,1
Mongoose Publishing,1
Broadway,1
Vince Emery Productions,1
Peter Smith Publisher  Inc.,1
Octopus Books (London),1
Temenos Press,1
McFarland & Company,1
Sidgwick & Jackson Ltd,1
Arrow Books Ltd,1
Manchester University Press,1
Bedford/St. Martin's,1
Cisne,1
Loveswept,1
Blanvalet Verlag GmbH,1
Mira (Mills and Boon),1
Gramedia Pustaka Utama,1
Bantam (Fanfare),1
McGraw-Hill Medical Publishing,1
Salani,1
Harpercollins Childrens Books,1
Rockport Publishers,1
Prima Lifestyles,1
Teachers College Press,1
Roxford Books,1
Shaw,1
Simon & Schuster Children's Publishing,1
Servant Publications,1
House of Anansi Press,1
Alfabeta Bokförlag,1
Red Hen Pr,1
Arkana,1
YoungJin Singapore Pte. Ltd.,1
Intercultural Publishing,1
Bloomsbury / Continuum,1
Praeger,1
Disney Editions,1
Shepard Publications,1
Ivan R. Dee,1
Ivan R. Dee  Publisher,1
Allworth,1
Knowledge Products,1
International Publishers (NYC),1
Rupa & Co,1
Vacation Work Publications,1
Inner City Books,1
Seal Press,1
Pygmalion Editions,1
1st Book Library,1
Grove Weidenfeld,1
New Press (NY),1
Grupo Editorial Norma  S.A.,1
Cátedra,1
Vivendi,1
Pocket Books/Star Trek,1
Museum of Modern Art,1
Loyola Classics,1
WaterBrook,1
Urban Books,1
Dell Yearling,1
Simple Productions,1
Amadeus,1
Simon & Schuster Paperbacks,1
Penguin Books (Penguin Classics),1
Reclam,1
Editorial Diana,1
Reclam  Leipzig,1
Little Apple,1
Distribooks,1
Audio Renaissance,1
Arsenal Pulp Press,1
Wordsworth Classics,1
Wyatt Book,1
Schirmer Mosel,1
Alfred A.Knopf,1
Mestas Ediciones,1
Harbor Press,1
Green Ronin Publishing,1
Portable Press,1
P & R Publishing,1
University of Pittsburgh Press,1
Bantem Press,1
Specialty Press,1
Boston Common Press,1
Book Publishing Company,1
Book Publishing Company (TN),1
Felony & Mayhem,1
Vintage/Ebury,1
Penguin/Viking Compass (Non-Classics),1
Two Lions,1
Peter Smith Publisher,1
Liguori Publications,1
Prentice Hall/Scribner/Macmillan,1
Rowohlt,1
Feminist Press,1
Sholom Aleichem Family Publications,1
Martínez Roca,1
Plaza & Janés Editores  S.A.,1
Wesleyan University Press,1
Ig Publishing,1
Condor Books,1
Sun & Moon Press,1
W.W. Norton & Company (NY/London),1
Headline Feature,1
William Heinemann Ltd.,1
Riverrun Press (New York  NY),1
Piemme,1
Batsford,1
Copernicus Books,1
BBC Worldwide,1
Vintage Crime,1
Arthur A. Levine,1
Harcourt  Brace Jovanovich/Harvest,1
Random House Para Ninos,1
Billboard Books,1
Crossing Press,1
South End Press,1
Puffin Group,1
Health Communications,1
Shaye Areheart Books,1
Helen Marx Books,1
Evans Brothers,1
Aegypan,1
Cruithne Press,1
Poorhouse Press,1
Granta Books,1
Perennial / William Morrow / HarperCollins,1
Futura,1
Longmeadow Press,1
Ecco/Harper Perennial,1
Travelers' Tales,1
Dragon Door Publications,1
Cedar Books,1
Prestwick House,1
Cambridge University Press/The New Cambridge Shakespeare,1
Greenwood,1
Arléa,1
Jones Books,1
Grand Central Life & Style,1
Alliance Publishing,1
Egmont Books Ltd,1
Spark Publishing,1
Mountaineers Books,1
Farrar  Straus and Giroux (NY),1
W.W. Norton & Company (NY),1
Modern Language Association of America,1
Orion (an Imprint of The Orion Publishing Group Ltd ),1
Project Management Institute,1
Barrington Stoke,1
Serpents Tail,1
Ullstein,1
Goldmann Verlag,1
HQN Books,1
Claassen Verlag,1
Grupo Océano,1
Viking Penguin Inc.,1
L.A. Weekly Books,1
Science Fiction Book Club,1
Hartorch,1
Leete's Island Books,1
Gaia Books,1
The Orion Publishing Group Ltd,1
Henry Holt and Co.,1
Krause Publications,1
Readers Digest,1
Reader's Digest Association,1
Readers Digest.,1
Inner Traditions International,1
Mikaya Press,1
Dutton Adult,1
Geoplaneta,1
Libraries Unlimited,1
Library of Liberal Arts/Bobb-Merrill (Indianapolis  IN),1
Pearson Education,1
Thomas Publications (PA),1
Fandemonium Books,1
Sterling Publishing Co.  Inc.,1
Management Books 2000,1
Bragelonne,1
Orbit Books,1
Union Square Press,1
Brown Son & Ferguson Ltd.,1
Fontana Books,1
Focus on the Family Publishing,1
Civitas Books,1
Burford Books,1
Praeger Publishers,1
Wasendorf & Associates Inc,1
MJF Books,1
HarperResource,1
Four Ninety-Eight Productions,1
World Wrestling Entertainment Books,1
Lucas Books,1
Berkley Books (NY),1
Self-Realization Fellowship Publishers,1
Limelight Editions,1
Modern Publishing,1
Kaplan Publishing,1
Contemporary Books,1
Random House Large Print Publishing,1
HarperCollins Perennial,1
Pantheon Books (NY),1
Owl Books (Henry Holt),1
AIT Planet Lar,1
Love Inspired,1
British Academy,1
Malhavoc Press,1
Harcourt Children's Books,1
Fantasy Flight Games,1
Penguin Young Readers,1
FASA Corp.,1
Harcourt Brace Jovanovich (NY),1
Aris & Phillips,1
Vintage/Random House Inc. (NYC),1
Watkins,1
Academic Press,1
Titan,1
Deodand Publishing,1
Tom Doherty Associates/Orb Books,1
Signet Books (NY),1
Prestwick House - (Literary Touchstone Classic),1
Bryn Mawr Commentaries,1
Nonpareil Books,1
Avon HarperCollins,1
Fab Press,1
Sumach Press,1
B Fiction,1
Random House Puzzles & Games,1
Libros para ninos,1
Universal Publishers,1
Hazelden Publishing,1
Pippin Publishing,1
Crossroad Publishing Company,1
Woodrow Wilson Center Press / Johns Hopkins University Press,1
University Press of New England,1
Macmillan Children's Books,1
Ash-Tree Press,1
Hearst Communications,1
Middleway Press,1
Pan Macmillan Ltd. (London),1
Welcome Books,1
Feiwel & Friends,1
Dtv,1
Bruno Gmünder,1
Elloras Cave,1
Berkley Heat,1
Sage Publications Ltd,1
Kuperard,1
Polygon,1
Loeb Classical Library/Harvard University Press,1
Focus Publishing/R. Pullins Company,1
Everyman's Library 234,1
St. Augustines Press,1
Stackpole Books,1
Continuum,1
Penguin (Business),1
Crown Publishing Group,1
Reaktion Books,1
Fellowship for the Performance,1
Fawcett Coventry,1
Walter Foster Publishing,1
Portfolio,1
Scholastic Nonfiction,1
Xulon Press,1
Piper Taschenbuch,1
Yosemite Conservancy,1
Pan Childrens,1
ECW Press,1
Vertigo (DC Comics),1
Parker Publishing Llc,1
Random House Reference Publishing,1
Vintage Books a division of Random House,1
South End Press (Boston),1
ビブロス,1
Harcourt Brace & Company,1
Walter de Gruyter,1
Random House Inc.,1
Let's Go Publications,1
Power Press,1
Hodder Mobius,1
University of Texas Press (Austin/London),1
House of Stratus,1
Atelos Press,1
Apple,1
St. Martin's Paperback,1
National Geographic Children's Books,1
Harrison House,1
Yoruba Theological Archministry,1
Insight International,1
Clarkson Potter/Publishers,1
Better Homes and Gardens Books,1
Pan Australia,1
Samhain Publishing,1
Woodbridge Press Publishing Company,1
University of New Mexico Press,1
Academica Press,1
Jessica Kingsley Publishers,1
Smithsonian Books,1
Editorial RM,1
Prentice Hall Press,1
Mariner Books / Harvest Books,1
Ryland Peters & Small,1
High Point Media,1
Éditions 10/18,1
Vendome Press,1
Saddleback Educational Publishing  Inc.,1
Polychrome Publishing Corporation,1
Texas A&M University Press,1
Eros Comix,1
Gun Digest Books,1
Leisure,1
Universe Publishing(NY),1
Berkley Prime Crime,1
Berkley Prime Crime Books,1
Rux Martin/Houghton Mifflin Harcourt,1
Meredith Corporation,1
Broadway Business,1
CRC Press,1
Paperback Library,1
Underwood/Miller  Berkley,1
British Library,1
Aivia Press,1
Redleaf Press,1
Faber & Faber Ltd.,1
Howard University Press,1
New Tradition Books,1
Alpha Books,1
Harcourt Brace & company,1
Doherty  Tom Associates  LLC,1
Legend,1
San Val,1
Exact Change,1
Simon & Schuster Adult Publishing Group,1
Michael Joseph Ltd./Penguin Books Ltd.,1
New York : Penguin Books,1
Council Oak Books,1
Trafalgar Square Publishing,1
Southern Methodist University Press,1
Voice,1
Orion Publishing Co,1
Dramatists Play Service  Inc.,1
Crown Publishers,1
DAW SF,1
DAW Books (NY),1
BenBella Books,1
Wipf & Stock Publishers,1
Westview Press,1
Sagebrush,1
Oddysey/Harcourt Young Classics,1
Twayne Publishers,1
Applause Theatre & Cinema Book Publishers,1
Pogue Press,1
Yapı Kredi Yayınları,1
Dhv der Hörverlag,1
Michael O'Mara Books,1
Avon Books (P),1
Fawcett crest,1
CQ Press,1
Northwestern Univ Press,1
See Sharp Press,1
Versus Press,1
Beltz und Gelberg,1
Raintree,1
Secker and Warburg,1
Fischer Taschenbuch Verlag,1
Bantam Books  Inc.,1
Pen & Sword Military,1
Atlantic Monthly Press (NYC),1
Replica Books,1
The Audio Partners,1
US Naval Institute Press,1
Presidio Press,1
Harlequin American Romance,1
University of Arizona Press,1
Twin Palms Publishers,1
Victor Gollancz,1
P. F. Collier and Sons,1
Simon & Schuster; Media Tie-In edition,1
Lions,1
Penguin Putnam,1
Harper Design,1
First Avenue Editions (Tm),1
HarperPaperbacks,1
Alan Rodgers Books,1
Sarah Crichton Books,1
Morrow,1
Hachette Children's,1
Fawcett Crest,1
Rba Libros,1
W Publishing Group,1
David C. Cook,1
Xlibris Corporation,1
Greenwood Press,1
Fischer TB,1
Omnibus Hc Bei Bertelsmann,1
Byblos,1
TEA,1
Silhouette Bombshell,1
Diamond/Charter,1
Fantagraphics Books,1
Bloomsbury USA Childrens,1
Melodrama Publishing,1
Hamish hamilton,1
Hill & Wang Publ. (NY),1
Lone Oak Press,1
Atlas Books/HarperCollins Publishers,1
Grand Central,1
Harlequin Readers' Choice,1
Sidran Press,1
That Patchwork Place,1
Transworld Publishers Ltd,1
Nimble Books,1
Hamish Hamilton Ltd,1
Puffin Audiobooks,1
Festival Books,1
Birlinn Ltd,1
InterVarsity Press,1
Joanna Cotler Books/HarperCollinsPublishers,1
Rosenberg Publishing,1
Modern Library (NY),1
Do-Not Press,1
Abacus Books,1
Acento Editorial,1
Hub City Press,1
Presses de La Cite,1
US Green Building Council,1
Pan Books,1
Corgi Books (Adult),1
Grijalbo,1
Absolute Press,1
Robson Books  London,1
Pegasus Books,1
Prestel Publishing,1
William Heinemann,1
Cartago,1
Between the Lines Productions,1
Godsfield Press Ltd,1
RP Minis,1
Five Star (ME),1
Aurum Press,1
No Starch Press,1
School Specialty Publishing,1
Atheneum Books for Young Readers: Richard Jackson Books,1
